Supplier Name,Contact Person,Email,Phone,Address
Tech Innovations Ltd,Rajesh Kumar,rajesh@techinnovations.in,+91-98765-43210,"123 MG Road, Bangalore, Karnataka 560001"
Office Mart India,Priya Sharma,priya@officemart.in,+91-98765-43211,"456 Nehru Place, New Delhi, Delhi 110019"
Electronics Hub,Amit Patel,amit@electronicshub.in,+91-98765-43212,"789 Park Street, Kolkata, West Bengal 700016"
Stationery World,Sneha Reddy,sneha@stationeryworld.in,+91-98765-43213,"321 Anna Salai, Chennai, Tamil Nadu 600002"
Premium Supplies Co,Vikram Singh,vikram@premiumsupplies.in,+91-98765-43214,"654 FC Road, Pune, Maharashtra 411004"
Digital Gadgets Inc,Meera Iyer,meera@digitalgadgets.in,+91-98765-43215,"987 Residency Road, Bangalore, Karnataka 560025"
Smart Office Solutions,Arjun Nair,arjun@smartoffice.in,+91-98765-43216,"147 Marine Drive, Mumbai, Maharashtra 400002"
Quality Products Ltd,Kavya Menon,kavya@qualityproducts.in,+91-98765-43217,"258 Banjara Hills, Hyderabad, Telangana 500034"
